{
    "first_tier": {
        "crime": {
            "tt0050083": 1,
            "tt0110912": 1,
            "tt0468569": 1,
            "tt0068646": 1,
            "tt0099685": 1,
            "tt0114369": 1,
            "tt0071562": 1,
            "tt0102926": 1,
            "tt0120689": 1,
            "tt0317248": 1,
            "tt0110413": 1,
            "tt0407887": 1,
            "tt0120586": 1,
            "tt0114814": 1,
            "tt0051201": 1,
            "tt7286456": 1,
            "tt0057565": 1,
            "tt0087843": 1,
            "tt0105236": 1,
            "tt0022100": 1,
            "tt0036775": 1,
            "tt0086250": 1,
            "tt0066921": 1,
            "tt0113277": 1,
            "tt0070735": 1,
            "tt0056592": 1,
            "tt0119488": 1,
            "tt0075314": 1,
            "tt0208092": 1,
            "tt0372784": 1,
            "tt0993846": 1,
            "tt0112641": 1,
            "tt0477348": 1,
            "tt0266697": 1,
            "tt0042876": 1,
            "tt1392214": 1,
            "tt0120735": 1,
            "tt0046912": 1,
            "tt5027774": 1,
            "tt0264464": 1,
            "tt0116282": 1,
            "tt2278388": 1,
            "tt0107207": 1,
            "tt0047296": 1,
            "tt0353969": 1,
            "tt0118715": 1,
            "tt1895587": 1,
            "tt15097216": 1,
            "tt0061512": 1,
            "tt0099674": 1,
            "tt0212985": 1,
            "tt0086154": 1,
            "tt13751694": 1,
            "tt15654328": 1,
            "tt0056193": 1,
            "tt0048254": 1,
            "tt0049406": 1,
            "tt5537002": 1,
            "tt0378194": 1,
            "tt0033870": 1,
            "tt3460252": 1,
            "tt0044079": 1,
            "tt0040746": 1,
            "tt3397884": 1,
            "tt0023427": 1,
            "tt0064115": 1,
            "tt0086370": 1,
            "tt1032755": 1,
            "tt8108198": 1,
            "tt4430212": 1,
            "tt1877830": 1,
            "tt1302006": 1,
            "tt0040506": 1,
            "tt2872718": 1,
            "tt0090756": 1,
            "tt0100828": 1,
            "tt0247586": 1,
            "tt8367814": 1,
            "tt4857264": 1,
            "tt0085794": 1,
            "tt1931533": 1,
            "tt2763304": 1,
            "tt7959026": 1,
            "tt0101540": 1,
            "tt0443706": 1,
            "tt1588170": 1,
            "tt1190539": 1,
            "tt0310775": 1,
            "tt0052311": 1,
            "tt9179430": 1,
            "tt9900782": 1,
            "tt10698680": 1,
            "tt11663228": 1,
            "tt0072890": 1,
            "tt12477480": 1,
            "tt0315733": 1,
            "tt0451094": 1,
            "tt17009710": 1,
            "tt0183649": 1,
            "tt0119008": 1,
            "tt0091474": 1,
            "tt0367959": 1,
            "tt0289765": 1,
            "tt2243973": 1,
            "tt0145681": 1,
            "tt0094226": 1,
            "tt0258000": 1,
            "tt0079116": 1,
            "tt0066999": 1,
            "tt0109506": 1,
            "tt9389998": 1,
            "tt10579952": 1,
            "tt7838252": 1,
            "tt0093870": 1,
            "tt0048424": 1,
            "tt22687790": 1,
            "tt10366206": 1,
            "tt1197624": 1,
            "tt1321870": 1,
            "tt0244244": 1,
            "tt7550000": 1,
            "tt0113568": 1,
            "tt0040979": 1,
            "tt5249462": 1,
            "tt0242519": 1,
            "tt7060344": 1,
            "tt0418455": 1,
            "tt0119396": 1,
            "tt0401792": 1,
            "tt7149730": 1,
            "tt0082869": 1,
            "tt0070723": 1,
            "tt0038355": 1,
            "tt0058329": 1,
            "tt5052474": 1,
            "tt1855199": 1,
            "tt0021079": 1,
            "tt0023042": 1,
            "tt0023622": 1,
            "tt0042041": 1,
            "tt0061418": 1,
            "tt0070511": 1,
            "tt11767484": 1,
            "tt4964788": 1,
            "tt0087062": 1,
            "tt0104511": 1,
            "tt1235166": 1,
            "tt0097733": 1,
            "tt0093409": 1,
            "tt0104714": 1,
            "tt0122151": 1,
            "tt0022286": 1,
            "tt0067116": 1,
            "tt3581652": 1,
            "tt0419058": 1,
            "tt0365686": 1,
            "tt11083552": 1,
            "tt0459516": 1,
            "tt4934950": 1,
            "tt0375912": 1,
            "tt3569230": 1,
            "tt2877108": 1,
            "tt15501640": 1,
            "tt0405508": 1,
            "tt3678782": 1,
            "tt1077248": 1,
            "tt0074483": 1,
            "tt0086383": 1,
            "tt0070355": 1,
            "tt1954470": 1,
            "tt0094963": 1,
            "tt1791528": 1,
            "tt0119256": 1,
            "tt0217505": 1,
            "tt13130400": 1,
            "tt1010048": 1,
            "tt0095159": 1,
            "tt0039689": 1,
            "tt0042208": 1,
            "tt0045555": 1,
            "tt1502407": 1,
            "tt3890160": 1,
            "tt0144084": 1,
            "tt0100935": 1,
            "tt0098936": 1,
            "tt0103524": 1,
            "tt0114857": 1,
            "tt0420509": 1,
            "tt0095705": 1,
            "tt15301048": 1,
            "tt8946378": 1,
            "tt1937149": 1,
            "tt1258197": 1,
            "tt0088680": 1,
            "tt0025452": 1,
            "tt0780536": 1,
            "tt1540133": 1,
            "tt0270288": 1,
            "tt0887883": 1,
            "tt5326520": 1,
            "tt0373469": 1,
            "tt1172570": 1,
            "tt1450321": 1,
            "tt2234003": 1,
            "tt0107808": 1,
            "tt0309377": 1,
            "tt0118548": 1,
            "tt3513548": 1,
            "tt0107206": 1,
            "tt0405296": 1,
            "tt0117665": 1,
            "tt0106519": 1,
            "tt1568346": 1,
            "tt1527788": 1,
            "tt0456912": 1,
            "tt2625030": 1,
            "tt1230385": 1,
            "tt0840361": 1,
            "tt1535109": 1,
            "tt0086200": 1,
            "tt6148156": 1,
            "tt5959980": 1,
            "tt4987556": 1,
            "tt0070666": 1,
            "tt0104348": 1,
            "tt1810510": 1,
            "tt0181865": 1,
            "tt0112818": 1,
            "tt0327056": 1,
            "tt0375679": 1,
            "tt0443680": 1,
            "tt0765443": 1
        },
        "drama": {
            "tt0050083": 1,
            "tt0108052": 1,
            "tt0110912": 1,
            "tt0468569": 1,
            "tt0167260": 1,
            "tt0111161": 1,
            "tt0068646": 1,
            "tt15239678": 1,
            "tt0099685": 1,
            "tt0114369": 1,
            "tt0071562": 1,
            "tt0167261": 1,
            "tt0109830": 1,
            "tt0120737": 1,
            "tt0073486": 1,
            "tt0137523": 1,
            "tt0816692": 1,
            "tt0102926": 1,
            "tt0120689": 1,
            "tt0317248": 1,
            "tt0038650": 1,
            "tt0047478": 1,
            "tt0120815": 1,
            "tt0253474": 1,
            "tt6751668": 1,
            "tt0172495": 1,
            "tt0110357": 1,
            "tt0110413": 1,
            "tt0407887": 1,
            "tt0120586": 1,
            "tt0482571": 1,
            "tt0095327": 1,
            "tt2582802": 1,
            "tt0114814": 1,
            "tt0034583": 1,
            "tt0056058": 1,
            "tt1675434": 1,
            "tt0021749": 1,
            "tt0095765": 1,
            "tt0078788": 1,
            "tt1853728": 1,
            "tt23849204": 1,
            "tt0050825": 1,
            "tt0043014": 1,
            "tt0405094": 1,
            "tt0032553": 1,
            "tt0361748": 1,
            "tt0081505": 1,
            "tt0051201": 1,
            "tt1345836": 1,
            "tt0169547": 1,
            "tt0364569": 1,
            "tt2380307": 1,
            "tt0086879": 1,
            "tt0118799": 1,
            "tt0082096": 1,
            "tt0112573": 1,
            "tt4154796": 1,
            "tt7286456": 1,
            "tt5311514": 1,
            "tt0057565": 1,
            "tt1187043": 1,
            "tt15398776": 1,
            "tt0087843": 1,
            "tt0180093": 1,
            "tt0338013": 1,
            "tt2106476": 1,
            "tt0044741": 1,
            "tt0056172": 1,
            "tt0033467": 1,
            "tt0053604": 1,
            "tt0036775": 1,
            "tt1255953": 1,
            "tt0086250": 1,
            "tt0093058": 1,
            "tt0113277": 1,
            "tt0070735": 1,
            "tt0056592": 1,
            "tt1832382": 1,
            "tt0017136": 1,
            "tt0986264": 1,
            "tt0119488": 1,
            "tt8503618": 1,
            "tt0075314": 1,
            "tt0040522": 1,
            "tt5074352": 1,
            "tt0119217": 1,
            "tt0363163": 1,
            "tt0059578": 1,
            "tt0372784": 1,
            "tt8579674": 1,
            "tt10272386": 1,
            "tt6966692": 1,
            "tt0055031": 1,
            "tt1745960": 1,
            "tt0042192": 1,
            "tt0120382": 1,
            "tt0469494": 1,
            "tt0112641": 1,
            "tt0457430": 1,
            "tt0167404": 1,
            "tt0089881": 1,
            "tt0268978": 1,
            "tt0477348": 1,
            "tt0040897": 1,
            "tt0105695": 1,
            "tt0055630": 1,
            "tt0057115": 1,
            "tt0042876": 1,
            "tt1392214": 1,
            "tt0080678": 1,
            "tt0071315": 1,
            "tt1305806": 1,
            "tt0031381": 1,
            "tt0434409": 1,
            "tt0081398": 1,
            "tt0117951": 1,
            "tt0050212": 1,
            "tt5027774": 1,
            "tt0264464": 1,
            "tt1291584": 1,
            "tt23289160": 1,
            "tt1205489": 1,
            "tt0083658": 1,
            "tt0118849": 1,
            "tt2024544": 1,
            "tt0112471": 1,
            "tt0107207": 1,
            "tt0052618": 1,
            "tt2267998": 1,
            "tt0072684": 1,
            "tt2119532": 1,
            "tt0015864": 1,
            "tt0047296": 1,
            "tt0353969": 1,
            "tt0077416": 1,
            "tt0097165": 1,
            "tt3011894": 1,
            "tt0046268": 1,
            "tt0050986": 1,
            "tt0031679": 1,
            "tt1950186": 1,
            "tt0978762": 1,
            "tt3170832": 1,
            "tt0046438": 1,
            "tt0075148": 1,
            "tt3315342": 1,
            "tt0395169": 1,
            "tt1895587": 1,
            "tt0091763": 1,
            "tt0036868": 1,
            "tt0019254": 1,
            "tt0405159": 1,
            "tt0381681": 1,
            "tt15097216": 1,
            "tt1979320": 1,
            "tt0092005": 1,
            "tt0074958": 1,
            "tt0758758": 1,
            "tt0032551": 1,
            "tt4016934": 1,
            "tt0058946": 1,
            "tt0059742": 1,
            "tt0245712": 1,
            "tt0107048": 1,
            "tt1454029": 1,
            "tt14230458": 1,
            "tt0061512": 1,
            "tt0032976": 1,
            "tt0099348": 1,
            "tt0099674": 1,
            "tt0212985": 1,
            "tt2543164": 1,
            "tt0058461": 1,
            "tt1856101": 1,
            "tt6105098": 1,
            "tt0061781": 1,
            "tt13751694": 1,
            "tt15428134": 1,
            "tt15654328": 1,
            "tt15354916": 1,
            "tt15732324": 1,
            "tt0056193": 1,
            "tt0048254": 1,
            "tt0054331": 1,
            "tt0049406": 1,
            "tt1321511": 1,
            "tt2013293": 1,
            "tt0094625": 1,
            "tt0050613": 1,
            "tt9426210": 1,
            "tt0056443": 1,
            "tt2591814": 1,
            "tt2338151": 1,
            "tt0058888": 1,
            "tt1562872": 1,
            "tt4849438": 1,
            "tt9052870": 1,
            "tt5537002": 1,
            "tt0067140": 1,
            "tt10288566": 1,
            "tt0138704": 1,
            "tt3460252": 1,
            "tt0056869": 1,
            "tt0044079": 1,
            "tt0040746": 1,
            "tt2316411": 1,
            "tt3397884": 1,
            "tt0120663": 1,
            "tt0023427": 1,
            "tt0064115": 1,
            "tt5186714": 1,
            "tt19653180": 1,
            "tt1360860": 1,
            "tt11777738": 1,
            "tt0845439": 1,
            "tt2404461": 1,
            "tt0871510": 1,
            "tt2181931": 1,
            "tt0991346": 1,
            "tt0374887": 1,
            "tt8721424": 1,
            "tt1321510": 1,
            "tt0169102": 1,
            "tt2631186": 1,
            "tt4430212": 1,
            "tt0068699": 1,
            "tt5013056": 1,
            "tt1877830": 1,
            "tt5776858": 1,
            "tt0092099": 1,
            "tt0443272": 1,
            "tt5580390": 1,
            "tt1302006": 1,
            "tt0091064": 1,
            "tt0040506": 1,
            "tt1568921": 1,
            "tt2872718": 1,
            "tt0113824": 1,
            "tt0090756": 1,
            "tt0100828": 1,
            "tt0247586": 1,
            "tt0166924": 1,
            "tt4857264": 1,
            "tt0049470": 1,
            "tt4169250": 1,
            "tt0085794": 1,
            "tt2763304": 1,
            "tt1924245": 1,
            "tt7959026": 1,
            "tt0997246": 1,
            "tt0191043": 1,
            "tt8847712": 1,
            "tt0265666": 1,
            "tt0838221": 1,
            "tt2209418": 1,
            "tt1065073": 1,
            "tt0243017": 1,
            "tt0044081": 1,
            "tt0443706": 1,
            "tt2713180": 1,
            "tt2638144": 1,
            "tt1190539": 1,
            "tt5215952": 1,
            "tt0468492": 1,
            "tt7282468": 1,
            "tt0310775": 1,
            "tt0080855": 1,
            "tt0060827": 1,
            "tt0055499": 1,
            "tt0057358": 1,
            "tt0083922": 1,
            "tt0053976": 1,
            "tt0052311": 1,
            "tt0079817": 1,
            "tt0084602": 1,
            "tt0100507": 1,
            "tt0089927": 1,
            "tt0479143": 1,
            "tt3076658": 1,
            "tt2562232": 1,
            "tt1504320": 1,
            "tt1024648": 1,
            "tt0096969": 1,
            "tt10189514": 1,
            "tt0035093": 1,
            "tt9179430": 1,
            "tt9900782": 1,
            "tt10698680": 1,
            "tt9477520": 1,
            "tt20850406": 1,
            "tt15327088": 1,
            "tt0099528": 1,
            "tt9263550": 1,
            "tt0072890": 1,
            "tt0762073": 1,
            "tt12477480": 1,
            "tt0315733": 1,
            "tt0451094": 1,
            "tt0449467": 1,
            "tt0058385": 1,
            "tt1164999": 1,
            "tt4846340": 1,
            "tt0245574": 1,
            "tt1282140": 1,
            "tt7160372": 1,
            "tt17009710": 1,
            "tt23561236": 1,
            "tt17351924": 1,
            "tt3464902": 1,
            "tt5083738": 1,
            "tt0095953": 1,
            "tt0102798": 1,
            "tt0038787": 1,
            "tt0119008": 1,
            "tt0118971": 1,
            "tt0367959": 1,
            "tt0289765": 1,
            "tt2243973": 1,
            "tt0145681": 1,
            "tt0094226": 1,
            "tt0258000": 1,
            "tt1170358": 1,
            "tt0119174": 1,
            "tt1454468": 1,
            "tt0363988": 1,
            "tt0955308": 1,
            "tt3659388": 1,
            "tt0470752": 1,
            "tt2576852": 1,
            "tt7131622": 1,
            "tt0089767": 1,
            "tt0110008": 1,
            "tt0109506": 1,
            "tt0780504": 1,
            "tt0092622": 1,
            "tt0120131": 1,
            "tt0060802": 1,
            "tt0059415": 1,
            "tt9389998": 1,
            "tt2112124": 1,
            "tt15434074": 1,
            "tt8178634": 1,
            "tt2283748": 1,
            "tt7838252": 1,
            "tt0119558": 1,
            "tt0045758": 1,
            "tt0048424": 1,
            "tt11858890": 1,
            "tt22687790": 1,
            "tt1197624": 1,
            "tt1748179": 1,
            "tt1321870": 1,
            "tt0102587": 1,
            "tt0851578": 1,
            "tt0169858": 1,
            "tt0040979": 1,
            "tt2061702": 1,
            "tt5249462": 1,
            "tt0071411": 1,
            "tt6452574": 1,
            "tt4832640": 1,
            "tt0456144": 1,
            "tt1166100": 1,
            "tt2082197": 1,
            "tt1093370": 1,
            "tt2178470": 1,
            "tt0292490": 1,
            "tt8291224": 1,
            "tt2356180": 1,
            "tt7485048": 1,
            "tt7060344": 1,
            "tt10295212": 1,
            "tt3783958": 1,
            "tt0070215": 1,
            "tt16277242": 1,
            "tt0063032": 1,
            "tt0060315": 1,
            "tt0154420": 1,
            "tt5363618": 1,
            "tt0418455": 1,
            "tt9770150": 1,
            "tt1070874": 1,
            "tt1798709": 1,
            "tt0414993": 1,
            "tt5109784": 1,
            "tt11286314": 1,
            "tt1125849": 1,
            "tt0947798": 1,
            "tt0120601": 1,
            "tt0119396": 1,
            "tt1051906": 1,
            "tt1853739": 1,
            "tt0075860": 1,
            "tt0067756": 1,
            "tt0043456": 1,
            "tt1663202": 1,
            "tt0043265": 1,
            "tt0058329": 1,
            "tt0051207": 1,
            "tt4550098": 1,
            "tt5052474": 1,
            "tt1855199": 1,
            "tt0175880": 1,
            "tt0021079": 1,
            "tt0023042": 1,
            "tt0074119": 1,
            "tt0042041": 1,
            "tt0065214": 1,
            "tt0416960": 1,
            "tt0061722": 1,
            "tt0070511": 1,
            "tt11767484": 1,
            "tt4964788": 1,
            "tt0102609": 1,
            "tt1235166": 1,
            "tt0022286": 1,
            "tt0420332": 1,
            "tt0093578": 1,
            "tt4900716": 1,
            "tt14993250": 1,
            "tt1841542": 1,
            "tt0330843": 1,
            "tt1907761": 1,
            "tt0233422": 1,
            "tt0018455": 1,
            "tt0079641": 1,
            "tt0021884": 1,
            "tt0015648": 1,
            "tt0067116": 1,
            "tt0016847": 1,
            "tt0021814": 1,
            "tt0189998": 1,
            "tt2122340": 1,
            "tt5005684": 1,
            "tt3581652": 1,
            "tt1485796": 1,
            "tt10293406": 1,
            "tt0294870": 1,
            "tt9620288": 1,
            "tt0427327": 1,
            "tt1727824": 1,
            "tt0365686": 1,
            "tt1972591": 1,
            "tt0459516": 1,
            "tt4934950": 1,
            "tt0375912": 1,
            "tt3569230": 1,
            "tt15501640": 1,
            "tt2926068": 1,
            "tt0405508": 1,
            "tt2258337": 1,
            "tt3678782": 1,
            "tt1077248": 1,
            "tt0067588": 1,
            "tt0091187": 1,
            "tt0045891": 1,
            "tt0055184": 1,
            "tt0049038": 1,
            "tt0047437": 1,
            "tt0047422": 1,
            "tt0054698": 1,
            "tt0272338": 1,
            "tt1560747": 1,
            "tt1791528": 1,
            "tt11271038": 1,
            "tt0118749": 1,
            "tt0119256": 1,
            "tt0875034": 1,
            "tt0116695": 1,
            "tt0325710": 1,
            "tt3682448": 1,
            "tt0104257": 1,
            "tt0408306": 1,
            "tt0217505": 1,
            "tt1568911": 1,
            "tt6294822": 1,
            "tt13130400": 1,
            "tt4555426": 1,
            "tt4975722": 1,
            "tt0104691": 1,
            "tt1010048": 1,
            "tt2980516": 1,
            "tt1655442": 1,
            "tt6155172": 1,
            "tt5580036": 1,
            "tt0338751": 1,
            "tt0088846": 1,
            "tt0097368": 1,
            "tt0094964": 1,
            "tt0051622": 1,
            "tt1179933": 1,
            "tt0042593": 1,
            "tt0033717": 1,
            "tt0039689": 1,
            "tt0042208": 1,
            "tt3890160": 1,
            "tt1285016": 1,
            "tt0246578": 1,
            "tt0144084": 1,
            "tt1798684": 1,
            "tt0100935": 1,
            "tt0105665": 1,
            "tt0166896": 1,
            "tt0460829": 1,
            "tt0098936": 1,
            "tt0111742": 1,
            "tt0420509": 1,
            "tt0292542": 1,
            "tt15301048": 1,
            "tt8946378": 1,
            "tt4873118": 1,
            "tt13229894": 1,
            "tt1937149": 1,
            "tt6908274": 1,
            "tt1772250": 1,
            "tt0061107": 1,
            "tt0088680": 1,
            "tt0095497": 1,
            "tt0090863": 1,
            "tt0780536": 1,
            "tt0887883": 1,
            "tt5326520": 1,
            "tt1182345": 1,
            "tt0163978": 1,
            "tt0120669": 1,
            "tt1172570": 1,
            "tt2234003": 1,
            "tt9114286": 1,
            "tt0107808": 1,
            "tt0309377": 1,
            "tt0118548": 1,
            "tt2083383": 1,
            "tt3513548": 1,
            "tt3263904": 1,
            "tt0107206": 1,
            "tt2179136": 1,
            "tt0112445": 1,
            "tt0128445": 1,
            "tt0449059": 1,
            "tt1094249": 1,
            "tt2584384": 1,
            "tt3331512": 1,
            "tt0111507": 1,
            "tt1022603": 1,
            "tt0841044": 1,
            "tt0790636": 1,
            "tt0388795": 1,
            "tt0055824": 1,
            "tt0117665": 1,
            "tt0106519": 1,
            "tt0048028": 1,
            "tt0051459": 1,
            "tt0048545": 1,
            "tt0061184": 1,
            "tt0049261": 1,
            "tt1568346": 1,
            "tt0421715": 1,
            "tt0365376": 1,
            "tt1210166": 1,
            "tt1527788": 1,
            "tt0332452": 1,
            "tt0456912": 1,
            "tt1528100": 1,
            "tt2625030": 1,
            "tt3231054": 1,
            "tt1034389": 1,
            "tt1921064": 1,
            "tt1020558": 1,
            "tt1959490": 1,
            "tt1230385": 1,
            "tt6878038": 1,
            "tt0260991": 1,
            "tt4034228": 1,
            "tt1706620": 1,
            "tt3967856": 1,
            "tt0497137": 1,
            "tt0247613": 1,
            "tt0074906": 1,
            "tt0070518": 1,
            "tt0079944": 1,
            "tt0072443": 1,
            "tt0017765": 1,
            "tt0057611": 1,
            "tt6343314": 1,
            "tt11145118": 1,
            "tt0887912": 1,
            "tt0454876": 1,
            "tt2084970": 1,
            "tt0840361": 1,
            "tt0104231": 1,
            "tt1790885": 1,
            "tt0086200": 1,
            "tt0102138": 1,
            "tt0985699": 1,
            "tt0107096": 1,
            "tt2395469": 1,
            "tt0039416": 1,
            "tt0029146": 1,
            "tt11580854": 1,
            "tt0036872": 1,
            "tt0027698": 1,
            "tt0040416": 1,
            "tt6148156": 1,
            "tt0045793": 1,
            "tt0026752": 1,
            "tt5959980": 1,
            "tt7019842": 1,
            "tt11581174": 1,
            "tt0113409": 1,
            "tt0070666": 1,
            "tt0105323": 1,
            "tt0071360": 1,
            "tt0104348": 1,
            "tt0140352": 1,
            "tt1810510": 1,
            "tt0181865": 1,
            "tt0112818": 1,
            "tt0327056": 1,
            "tt1013753": 1,
            "tt0375679": 1,
            "tt0120102": 1,
            "tt0443680": 1,
            "tt0765443": 1,
            "tt14176542": 1,
            "tt0063385": 1,
            "tt0067093": 1
        },
        "biographi": {
            "tt0108052": 1,
            "tt0099685": 1,
            "tt0253474": 1,
            "tt23849204": 1,
            "tt0086879": 1,
            "tt0112573": 1,
            "tt15398776": 1,
            "tt0056172": 1,
            "tt8503618": 1,
            "tt5074352": 1,
            "tt0363163": 1,
            "tt0993846": 1,
            "tt6966692": 1,
            "tt0268978": 1,
            "tt0080678": 1,
            "tt0081398": 1,
            "tt0264464": 1,
            "tt2024544": 1,
            "tt0107207": 1,
            "tt2119532": 1,
            "tt1950186": 1,
            "tt0395169": 1,
            "tt1895587": 1,
            "tt0019254": 1,
            "tt1979320": 1,
            "tt0758758": 1,
            "tt0059742": 1,
            "tt0054331": 1,
            "tt2013293": 1,
            "tt0064115": 1,
            "tt8721424": 1,
            "tt0443272": 1,
            "tt1302006": 1,
            "tt4169250": 1,
            "tt1504320": 1,
            "tt1024648": 1,
            "tt0096969": 1,
            "tt9263550": 1,
            "tt0072890": 1,
            "tt4846340": 1,
            "tt5083738": 1,
            "tt0119008": 1,
            "tt0079116": 1,
            "tt0071411": 1,
            "tt6452574": 1,
            "tt2356180": 1,
            "tt7485048": 1,
            "tt10295212": 1,
            "tt13287846": 1,
            "tt16277242": 1,
            "tt0061418": 1,
            "tt0070511": 1,
            "tt1485796": 1,
            "tt9620288": 1,
            "tt1727824": 1,
            "tt3569230": 1,
            "tt6294822": 1,
            "tt2980516": 1,
            "tt5580036": 1,
            "tt0338751": 1,
            "tt1285016": 1,
            "tt0166896": 1,
            "tt15301048": 1,
            "tt0270288": 1,
            "tt3513548": 1,
            "tt3263904": 1,
            "tt2179136": 1,
            "tt0790636": 1,
            "tt1210166": 1,
            "tt0070518": 1,
            "tt0072443": 1,
            "tt2084970": 1,
            "tt1535109": 1,
            "tt0107096": 1,
            "tt0029146": 1,
            "tt0026752": 1,
            "tt0070666": 1,
            "tt0140352": 1,
            "tt1013753": 1,
            "tt0120102": 1,
            "tt0443680": 1
        },
        "histori": {
            "tt0108052": 1,
            "tt0112573": 1,
            "tt15398776": 1,
            "tt8503618": 1,
            "tt0363163": 1,
            "tt0057115": 1,
            "tt2024544": 1,
            "tt2119532": 1,
            "tt0395169": 1,
            "tt0019254": 1,
            "tt5537002": 1,
            "tt5013056": 1,
            "tt0443272": 1,
            "tt1504320": 1,
            "tt4846340": 1,
            "tt7160372": 1,
            "tt8291224": 1,
            "tt1070874": 1,
            "tt0074119": 1,
            "tt0015648": 1,
            "tt1560747": 1,
            "tt3682448": 1,
            "tt0408306": 1,
            "tt6294822": 1,
            "tt3231054": 1,
            "tt1020558": 1,
            "tt6878038": 1,
            "tt1790885": 1,
            "tt0102138": 1,
            "tt0985699": 1,
            "tt1013753": 1
        },
        "action": {
            "tt0468569": 1,
            "tt0167260": 1,
            "tt15239678": 1,
            "tt0167261": 1,
            "tt0133093": 1,
            "tt0120737": 1,
            "tt1375666": 1,
            "tt0080684": 1,
            "tt0047478": 1,
            "tt0076759": 1,
            "tt0103064": 1,
            "tt0172495": 1,
            "tt0110413": 1,
            "tt9362722": 1,
            "tt0056058": 1,
            "tt0082971": 1,
            "tt4633694": 1,
            "tt0090605": 1,
            "tt4154756": 1,
            "tt1345836": 1,
            "tt0364569": 1,
            "tt0119698": 1,
            "tt4154796": 1,
            "tt0086190": 1,
            "tt0053125": 1,
            "tt0113277": 1,
            "tt0097576": 1,
            "tt0095016": 1,
            "tt5074352": 1,
            "tt0372784": 1,
            "tt8579674": 1,
            "tt1745960": 1,
            "tt0107290": 1,
            "tt0089881": 1,
            "tt0266697": 1,
            "tt0055630": 1,
            "tt0120735": 1,
            "tt0434409": 1,
            "tt10872600": 1,
            "tt1291584": 1,
            "tt23289160": 1,
            "tt0083658": 1,
            "tt0017925": 1,
            "tt1392190": 1,
            "tt0015324": 1,
            "tt0892769": 1,
            "tt1950186": 1,
            "tt3315342": 1,
            "tt0088247": 1,
            "tt1979320": 1,
            "tt0325980": 1,
            "tt0317705": 1,
            "tt0129167": 1,
            "tt0121766": 1,
            "tt0058461": 1,
            "tt0120915": 1,
            "tt0087182": 1,
            "tt1856101": 1,
            "tt2488496": 1,
            "tt2527336": 1,
            "tt3748528": 1,
            "tt0103644": 1,
            "tt0118583": 1,
            "tt13751694": 1,
            "tt15654328": 1,
            "tt15354916": 1,
            "tt0087469": 1,
            "tt0093773": 1,
            "tt0367882": 1,
            "tt1462764": 1,
            "tt2395427": 1,
            "tt1211837": 1,
            "tt0848228": 1,
            "tt3501632": 1,
            "tt3498820": 1,
            "tt1843866": 1,
            "tt1321511": 1,
            "tt2015381": 1,
            "tt0121765": 1,
            "tt0094625": 1,
            "tt0056443": 1,
            "tt3863552": 1,
            "tt4849438": 1,
            "tt2527338": 1,
            "tt0378194": 1,
            "tt8244784": 1,
            "tt3397884": 1,
            "tt0023427": 1,
            "tt0099423": 1,
            "tt0112864": 1,
            "tt1032755": 1,
            "tt2631186": 1,
            "tt5013056": 1,
            "tt1877830": 1,
            "tt0092099": 1,
            "tt0163025": 1,
            "tt0369610": 1,
            "tt0119567": 1,
            "tt0040506": 1,
            "tt8367814": 1,
            "tt9376612": 1,
            "tt0145487": 1,
            "tt9419884": 1,
            "tt6320628": 1,
            "tt2250912": 1,
            "tt5034838": 1,
            "tt0831387": 1,
            "tt3741700": 1,
            "tt0417741": 1,
            "tt0373889": 1,
            "tt2713180": 1,
            "tt1588170": 1,
            "tt2638144": 1,
            "tt1190539": 1,
            "tt0079501": 1,
            "tt2386490": 1,
            "tt1646971": 1,
            "tt0479143": 1,
            "tt3076658": 1,
            "tt5463162": 1,
            "tt1430132": 1,
            "tt1877832": 1,
            "tt3385516": 1,
            "tt1431045": 1,
            "tt0181852": 1,
            "tt0438488": 1,
            "tt1340138": 1,
            "tt6450804": 1,
            "tt10189514": 1,
            "tt9179430": 1,
            "tt9900782": 1,
            "tt10698680": 1,
            "tt9477520": 1,
            "tt20850406": 1,
            "tt15327088": 1,
            "tt11663228": 1,
            "tt0383574": 1,
            "tt1298650": 1,
            "tt0449088": 1,
            "tt1790809": 1,
            "tt0102798": 1,
            "tt3606756": 1,
            "tt0499549": 1,
            "tt3778644": 1,
            "tt0955308": 1,
            "tt1631867": 1,
            "tt6723592": 1,
            "tt0079116": 1,
            "tt0066999": 1,
            "tt0120201": 1,
            "tt0119116": 1,
            "tt0109506": 1,
            "tt0120912": 1,
            "tt0087332": 1,
            "tt0119654": 1,
            "tt0780504": 1,
            "tt0234215": 1,
            "tt1409024": 1,
            "tt0316654": 1,
            "tt3040964": 1,
            "tt0370263": 1,
            "tt0100403": 1,
            "tt0758730": 1,
            "tt1424381": 1,
            "tt9389998": 1,
            "tt3829266": 1,
            "tt12844910": 1,
            "tt2112124": 1,
            "tt8178634": 1,
            "tt10579952": 1,
            "tt7838252": 1,
            "tt0100802": 1,
            "tt0088944": 1,
            "tt0093870": 1,
            "tt9603212": 1,
            "tt11858890": 1,
            "tt6791350": 1,
            "tt0439572": 1,
            "tt10366206": 1,
            "tt1300854": 1,
            "tt1228705": 1,
            "tt0478970": 1,
            "tt10954600": 1,
            "tt1825683": 1,
            "tt0458339": 1,
            "tt3896198": 1,
            "tt0800369": 1,
            "tt0371746": 1,
            "tt1197624": 1,
            "tt1981115": 1,
            "tt1321870": 1,
            "tt0244244": 1,
            "tt7550000": 1,
            "tt2245084": 1,
            "tt0169858": 1,
            "tt0113568": 1,
            "tt4832640": 1,
            "tt1166100": 1,
            "tt0242519": 1,
            "tt8291224": 1,
            "tt7060344": 1,
            "tt10295212": 1,
            "tt13287846": 1,
            "tt6710474": 1,
            "tt0060315": 1,
            "tt1028528": 1,
            "tt7798634": 1,
            "tt5886046": 1,
            "tt7149730": 1,
            "tt0082869": 1,
            "tt0092007": 1,
            "tt0074812": 1,
            "tt0088170": 1,
            "tt1663202": 1,
            "tt5052474": 1,
            "tt1855199": 1,
            "tt0021079": 1,
            "tt0042041": 1,
            "tt0065214": 1,
            "tt0061418": 1,
            "tt0087062": 1,
            "tt0104511": 1,
            "tt1606378": 1,
            "tt0097733": 1,
            "tt0111257": 1,
            "tt0093409": 1,
            "tt0104714": 1,
            "tt0089880": 1,
            "tt0117500": 1,
            "tt0122151": 1,
            "tt0083944": 1,
            "tt0093578": 1,
            "tt0111503": 1,
            "tt0000417": 1,
            "tt0067116": 1,
            "tt0337978": 1,
            "tt0365686": 1,
            "tt11083552": 1,
            "tt1638355": 1,
            "tt1972591": 1,
            "tt1515091": 1,
            "tt0459516": 1,
            "tt0375912": 1,
            "tt2258337": 1,
            "tt3678782": 1,
            "tt7758160": 1,
            "tt0074483": 1,
            "tt0086383": 1,
            "tt0070355": 1,
            "tt1954470": 1,
            "tt0094963": 1,
            "tt0047422": 1,
            "tt0117060": 1,
            "tt1229238": 1,
            "tt0120755": 1,
            "tt0317919": 1,
            "tt0988045": 1,
            "tt0325710": 1,
            "tt4912910": 1,
            "tt0408306": 1,
            "tt1568911": 1,
            "tt2381249": 1,
            "tt0104691": 1,
            "tt4881806": 1,
            "tt8041270": 1,
            "tt0360717": 1,
            "tt0418279": 1,
            "tt3731562": 1,
            "tt7975244": 1,
            "tt0389722": 1,
            "tt1188729": 1,
            "tt0134847": 1,
            "tt0033717": 1,
            "tt3890160": 1,
            "tt10665338": 1,
            "tt1798684": 1,
            "tt0103524": 1,
            "tt0114857": 1,
            "tt4873118": 1,
            "tt1172570": 1,
            "tt9032400": 1,
            "tt1450321": 1,
            "tt3480822": 1,
            "tt0413300": 1,
            "tt4154664": 1,
            "tt0948470": 1,
            "tt10648342": 1,
            "tt9114286": 1,
            "tt0058544": 1,
            "tt5095030": 1,
            "tt0197521": 1,
            "tt0097444": 1,
            "tt0399102": 1,
            "tt0120685": 1,
            "tt2231461": 1,
            "tt4701182": 1,
            "tt1663662": 1,
            "tt0309377": 1,
            "tt0186566": 1,
            "tt0118548": 1,
            "tt0107206": 1,
            "tt2179136": 1,
            "tt1872181": 1,
            "tt0816711": 1,
            "tt1527788": 1,
            "tt0456912": 1,
            "tt1528100": 1,
            "tt2625030": 1,
            "tt5700672": 1,
            "tt3231054": 1,
            "tt1034389": 1,
            "tt1921064": 1,
            "tt1020558": 1,
            "tt2034800": 1,
            "tt0473075": 1,
            "tt1959490": 1,
            "tt1267297": 1,
            "tt1230385": 1,
            "tt6878038": 1,
            "tt0260991": 1,
            "tt1706620": 1,
            "tt3967856": 1,
            "tt4575512": 1,
            "tt0089530": 1,
            "tt0082694": 1,
            "tt0082340": 1,
            "tt0082198": 1,
            "tt0149261": 1,
            "tt0139414": 1,
            "tt2267968": 1,
            "tt0441773": 1,
            "tt1302011": 1,
            "tt0462499": 1,
            "tt0095956": 1,
            "tt6343314": 1,
            "tt11145118": 1,
            "tt0458525": 1,
            "tt0120903": 1,
            "tt0800080": 1,
            "tt6565702": 1,
            "tt0376994": 1,
            "tt1535109": 1,
            "tt0290334": 1,
            "tt0107096": 1,
            "tt11580854": 1,
            "tt6148156": 1,
            "tt5959980": 1,
            "tt11581174": 1,
            "tt4987556": 1,
            "tt1270798": 1,
            "tt0259534": 1,
            "tt1810510": 1
        },
        "adventur": {
            "tt0167260": 1,
            "tt15239678": 1,
            "tt0060196": 1,
            "tt0167261": 1,
            "tt0120737": 1,
            "tt1375666": 1,
            "tt0080684": 1,
            "tt0816692": 1,
            "tt0245429": 1,
            "tt0076759": 1,
            "tt0103064": 1,
            "tt0088763": 1,
            "tt0172495": 1,
            "tt0110357": 1,
            "tt9362722": 1,
            "tt0910970": 1,
            "tt0082971": 1,
            "tt4633694": 1,
            "tt0090605": 1,
            "tt4154756": 1,
            "tt0361748": 1,
            "tt2380307": 1,
            "tt0114709": 1,
            "tt0119698": 1,
            "tt4154796": 1,
            "tt0435761": 1,
            "tt0086190": 1,
            "tt0056172": 1,
            "tt0062622": 1,
            "tt0053125": 1,
            "tt1049413": 1,
            "tt0097576": 1,
            "tt0107290": 1,
            "tt0040897": 1,
            "tt0071853": 1,
            "tt0057115": 1,
            "tt0347149": 1,
            "tt0266543": 1,
            "tt0050212": 1,
            "tt2096673": 1,
            "tt10872600": 1,
            "tt23289160": 1,
            "tt4729430": 1,
            "tt1201607": 1,
            "tt2278388": 1,
            "tt0052618": 1,
            "tt0072684": 1,
            "tt0015864": 1,
            "tt0017925": 1,
            "tt1392190": 1,
            "tt0198781": 1,
            "tt0046268": 1,
            "tt0073195": 1,
            "tt0382932": 1,
            "tt0892769": 1,
            "tt0088247": 1,
            "tt0092005": 1,
            "tt0325980": 1,
            "tt0317705": 1,
            "tt0032138": 1,
            "tt0758758": 1,
            "tt0129167": 1,
            "tt0099348": 1,
            "tt0903624": 1,
            "tt0121766": 1,
            "tt0876563": 1,
            "tt0120915": 1,
            "tt0087182": 1,
            "tt0092067": 1,
            "tt2488496": 1,
            "tt2527336": 1,
            "tt0099088": 1,
            "tt0096874": 1,
            "tt3748528": 1,
            "tt6105098": 1,
            "tt0087469": 1,
            "tt0054331": 1,
            "tt0093773": 1,
            "tt0367882": 1,
            "tt1462764": 1,
            "tt2395427": 1,
            "tt1211837": 1,
            "tt3501632": 1,
            "tt1843866": 1,
            "tt2948372": 1,
            "tt2015381": 1,
            "tt0121765": 1,
            "tt1979376": 1,
            "tt0120363": 1,
            "tt0104652": 1,
            "tt3863552": 1,
            "tt1517268": 1,
            "tt2527338": 1,
            "tt0086837": 1,
            "tt0112864": 1,
            "tt0163025": 1,
            "tt0369610": 1,
            "tt0119567": 1,
            "tt1568921": 1,
            "tt0347618": 1,
            "tt2277860": 1,
            "tt9376612": 1,
            "tt0145487": 1,
            "tt9419884": 1,
            "tt6320628": 1,
            "tt2250912": 1,
            "tt0831387": 1,
            "tt3741700": 1,
            "tt0417741": 1,
            "tt0330373": 1,
            "tt0373889": 1,
            "tt0295297": 1,
            "tt0304141": 1,
            "tt0926084": 1,
            "tt0241527": 1,
            "tt5104604": 1,
            "tt0838221": 1,
            "tt2638144": 1,
            "tt1453405": 1,
            "tt0080855": 1,
            "tt0079501": 1,
            "tt0077766": 1,
            "tt2386490": 1,
            "tt1646971": 1,
            "tt5463162": 1,
            "tt1877832": 1,
            "tt3385516": 1,
            "tt0438488": 1,
            "tt1340138": 1,
            "tt6450804": 1,
            "tt15327088": 1,
            "tt0383574": 1,
            "tt1298650": 1,
            "tt0449088": 1,
            "tt1790809": 1,
            "tt0103639": 1,
            "tt0102798": 1,
            "tt3606756": 1,
            "tt0367959": 1,
            "tt0499549": 1,
            "tt2310332": 1,
            "tt3778644": 1,
            "tt1170358": 1,
            "tt0955308": 1,
            "tt3659388": 1,
            "tt1631867": 1,
            "tt0120201": 1,
            "tt0119116": 1,
            "tt0120912": 1,
            "tt0119654": 1,
            "tt1409024": 1,
            "tt0316654": 1,
            "tt2771200": 1,
            "tt6139732": 1,
            "tt0120131": 1,
            "tt3040964": 1,
            "tt4520988": 1,
            "tt0318403": 1,
            "tt2294629": 1,
            "tt3521164": 1,
            "tt0370263": 1,
            "tt1446714": 1,
            "tt1424381": 1,
            "tt3829266": 1,
            "tt12844910": 1,
            "tt8178634": 1,
            "tt0100802": 1,
            "tt0088944": 1,
            "tt9603212": 1,
            "tt11858890": 1,
            "tt6791350": 1,
            "tt0439572": 1,
            "tt1300854": 1,
            "tt10954600": 1,
            "tt1825683": 1,
            "tt0458339": 1,
            "tt3896198": 1,
            "tt0371746": 1,
            "tt1981115": 1,
            "tt12801262": 1,
            "tt7146812": 1,
            "tt1772341": 1,
            "tt2948356": 1,
            "tt8097030": 1,
            "tt1216475": 1,
            "tt2245084": 1,
            "tt0317219": 1,
            "tt0268380": 1,
            "tt0126029": 1,
            "tt0351283": 1,
            "tt0388473": 1,
            "tt0071411": 1,
            "tt13287846": 1,
            "tt6710474": 1,
            "tt3606752": 1,
            "tt16277242": 1,
            "tt5886046": 1,
            "tt0054387": 1,
            "tt0063442": 1,
            "tt0092007": 1,
            "tt0074812": 1,
            "tt0037382": 1,
            "tt0088170": 1,
            "tt1663202": 1,
            "tt0043265": 1,
            "tt0024216": 1,
            "tt0065214": 1,
            "tt0111257": 1,
            "tt0089880": 1,
            "tt0117500": 1,
            "tt0083944": 1,
            "tt0000417": 1,
            "tt1638355": 1,
            "tt1972591": 1,
            "tt1515091": 1,
            "tt0047422": 1,
            "tt0117060": 1,
            "tt1229238": 1,
            "tt0120755": 1,
            "tt0317919": 1,
            "tt0988045": 1,
            "tt4912910": 1,
            "tt1568911": 1,
            "tt2381249": 1,
            "tt0104691": 1,
            "tt4881806": 1,
            "tt8041270": 1,
            "tt0360717": 1,
            "tt0418279": 1,
            "tt3731562": 1,
            "tt7975244": 1,
            "tt0081633": 1,
            "tt0096764": 1,
            "tt0033717": 1,
            "tt1217209": 1,
            "tt0398286": 1,
            "tt0103524": 1,
            "tt0163978": 1,
            "tt0120669": 1,
            "tt9032400": 1,
            "tt3480822": 1,
            "tt0413300": 1,
            "tt4154664": 1,
            "tt0948470": 1,
            "tt10648342": 1,
            "tt9114286": 1,
            "tt0058544": 1,
            "tt5095030": 1,
            "tt0058379": 1,
            "tt13364334": 1,
            "tt0399102": 1,
            "tt2231461": 1,
            "tt4701182": 1,
            "tt1663662": 1,
            "tt3183660": 1,
            "tt4123430": 1,
            "tt0363771": 1,
            "tt0186566": 1,
            "tt4123432": 1,
            "tt0477347": 1,
            "tt0254769": 1,
            "tt1872181": 1,
            "tt0816711": 1,
            "tt1528100": 1,
            "tt1034389": 1,
            "tt1921064": 1,
            "tt2034800": 1,
            "tt0473075": 1,
            "tt1959490": 1,
            "tt1267297": 1,
            "tt3967856": 1,
            "tt1323594": 1,
            "tt4575512": 1,
            "tt0089530": 1,
            "tt0082694": 1,
            "tt0082340": 1,
            "tt0082198": 1,
            "tt0093300": 1,
            "tt0085750": 1,
            "tt0149261": 1,
            "tt2267968": 1,
            "tt0441773": 1,
            "tt1302011": 1,
            "tt0462499": 1,
            "tt0095956": 1,
            "tt1277953": 1,
            "tt0120903": 1,
            "tt0800080": 1,
            "tt6565702": 1,
            "tt0454876": 1,
            "tt0376994": 1,
            "tt0104231": 1,
            "tt0026752": 1,
            "tt0259534": 1,
            "tt0097757": 1,
            "tt0119282": 1,
            "tt0120762": 1,
            "tt0120855": 1,
            "tt5028340": 1,
            "tt0043274": 1,
            "tt0046183": 1,
            "tt0055254": 1,
            "tt0032910": 1,
            "tt0029583": 1,
            "tt0083866": 1,
            "tt0048280": 1,
            "tt0061852": 1,
            "tt0120102": 1,
            "tt0061584": 1
        },
        "western": {
            "tt0060196": 1,
            "tt1853728": 1,
            "tt0059578": 1,
            "tt0040897": 1,
            "tt0105695": 1,
            "tt0099348": 1,
            "tt0058461": 1,
            "tt0067140": 1,
            "tt0075029": 1,
            "tt0068699": 1,
            "tt0080855": 1,
            "tt0089767": 1,
            "tt0070215": 1,
            "tt0063032": 1,
            "tt0060315": 1,
            "tt10293406": 1,
            "tt0055184": 1,
            "tt0049261": 1,
            "tt0074906": 1,
            "tt0070518": 1
        },
        "mysteri": {
            "tt0114369": 1,
            "tt0054215": 1,
            "tt0482571": 1,
            "tt0114814": 1,
            "tt0056058": 1,
            "tt0047396": 1,
            "tt0078788": 1,
            "tt0209144": 1,
            "tt0405094": 1,
            "tt0051201": 1,
            "tt0364569": 1,
            "tt0057565": 1,
            "tt0033467": 1,
            "tt0022100": 1,
            "tt0053125": 1,
            "tt1255953": 1,
            "tt0052357": 1,
            "tt0119488": 1,
            "tt10272386": 1,
            "tt1130884": 1,
            "tt0167404": 1,
            "tt0268978": 1,
            "tt0084787": 1,
            "tt0042876": 1,
            "tt1392214": 1,
            "tt0071315": 1,
            "tt1305806": 1,
            "tt2267998": 1,
            "tt0353969": 1,
            "tt0073195": 1,
            "tt0041959": 1,
            "tt15097216": 1,
            "tt0032976": 1,
            "tt2543164": 1,
            "tt1856101": 1,
            "tt0086154": 1,
            "tt1321511": 1,
            "tt0138704": 1,
            "tt0086837": 1,
            "tt0033870": 1,
            "tt3460252": 1,
            "tt0056869": 1,
            "tt0040746": 1,
            "tt0048728": 1,
            "tt2316411": 1,
            "tt0120663": 1,
            "tt1360860": 1,
            "tt0845439": 1,
            "tt2404461": 1,
            "tt8108198": 1,
            "tt4430212": 1,
            "tt0068699": 1,
            "tt0905372": 1,
            "tt0090756": 1,
            "tt0100828": 1,
            "tt0116922": 1,
            "tt0166924": 1,
            "tt4857264": 1,
            "tt0443706": 1,
            "tt5215952": 1,
            "tt7282468": 1,
            "tt20850406": 1,
            "tt0099528": 1,
            "tt12477480": 1,
            "tt0038109": 1,
            "tt0034248": 1,
            "tt0091474": 1,
            "tt0118971": 1,
            "tt0145681": 1,
            "tt0119174": 1,
            "tt0363988": 1,
            "tt0091799": 1,
            "tt0102724": 1,
            "tt0155975": 1,
            "tt0082418": 1,
            "tt0085636": 1,
            "tt0111686": 1,
            "tt1446714": 1,
            "tt1748179": 1,
            "tt1166100": 1,
            "tt0414993": 1,
            "tt5109784": 1,
            "tt1051906": 1,
            "tt5308322": 1,
            "tt15474916": 1,
            "tt8155288": 1,
            "tt15791034": 1,
            "tt7149730": 1,
            "tt0066769": 1,
            "tt0070723": 1,
            "tt0038355": 1,
            "tt0058329": 1,
            "tt0048750": 1,
            "tt0056923": 1,
            "tt11767484": 1,
            "tt4964788": 1,
            "tt0010323": 1,
            "tt1515091": 1,
            "tt4934950": 1,
            "tt15501640": 1,
            "tt1077248": 1,
            "tt0070355": 1,
            "tt0094963": 1,
            "tt0988045": 1,
            "tt0074285": 1,
            "tt1188729": 1,
            "tt1179933": 1,
            "tt0042593": 1,
            "tt0384537": 1,
            "tt0080761": 1,
            "tt0117571": 1,
            "tt0246578": 1,
            "tt0105665": 1,
            "tt0460829": 1,
            "tt0098936": 1,
            "tt13229894": 1,
            "tt1937149": 1,
            "tt6908274": 1,
            "tt1772250": 1,
            "tt1258197": 1,
            "tt0025452": 1,
            "tt5326520": 1,
            "tt1182345": 1,
            "tt0373469": 1,
            "tt2234003": 1,
            "tt1568346": 1,
            "tt0365376": 1,
            "tt0204313": 1,
            "tt0080516": 1,
            "tt0071360": 1,
            "tt0104348": 1,
            "tt0327056": 1
        },
        "scifi": {
            "tt0133093": 1,
            "tt1375666": 1,
            "tt0816692": 1,
            "tt0103064": 1,
            "tt0088763": 1,
            "tt0482571": 1,
            "tt0078748": 1,
            "tt0090605": 1,
            "tt4154756": 1,
            "tt0338013": 1,
            "tt0062622": 1,
            "tt0066921": 1,
            "tt0017136": 1,
            "tt0107290": 1,
            "tt0084787": 1,
            "tt0434409": 1,
            "tt0083658": 1,
            "tt1392190": 1,
            "tt3315342": 1,
            "tt0088247": 1,
            "tt2543164": 1,
            "tt0087182": 1,
            "tt2488496": 1,
            "tt0099088": 1,
            "tt0096874": 1,
            "tt3748528": 1,
            "tt0103644": 1,
            "tt0118583": 1,
            "tt2316204": 1,
            "tt1462764": 1,
            "tt2395427": 1,
            "tt0848228": 1,
            "tt3498820": 1,
            "tt1843866": 1,
            "tt2338151": 1,
            "tt0086837": 1,
            "tt0163025": 1,
            "tt0369610": 1,
            "tt0119567": 1,
            "tt0091064": 1,
            "tt0905372": 1,
            "tt0145487": 1,
            "tt0047034": 1,
            "tt2250912": 1,
            "tt5034838": 1,
            "tt0831387": 1,
            "tt0468492": 1,
            "tt0079501": 1,
            "tt1430132": 1,
            "tt1877832": 1,
            "tt3385516": 1,
            "tt0181852": 1,
            "tt0438488": 1,
            "tt1340138": 1,
            "tt6450804": 1,
            "tt3464902": 1,
            "tt3778644": 1,
            "tt1454468": 1,
            "tt3659388": 1,
            "tt1631867": 1,
            "tt0470752": 1,
            "tt6723592": 1,
            "tt0120201": 1,
            "tt0119116": 1,
            "tt0234215": 1,
            "tt0316654": 1,
            "tt0085636": 1,
            "tt1446714": 1,
            "tt0100403": 1,
            "tt0758730": 1,
            "tt0100802": 1,
            "tt0093870": 1,
            "tt1300854": 1,
            "tt1228705": 1,
            "tt0478970": 1,
            "tt1825683": 1,
            "tt0458339": 1,
            "tt0371746": 1,
            "tt7550000": 1,
            "tt1798709": 1,
            "tt11286314": 1,
            "tt0075860": 1,
            "tt0067756": 1,
            "tt0054387": 1,
            "tt0082869": 1,
            "tt0066769": 1,
            "tt0043456": 1,
            "tt0063442": 1,
            "tt0074812": 1,
            "tt0070723": 1,
            "tt0088170": 1,
            "tt0024216": 1,
            "tt0084945": 1,
            "tt0021884": 1,
            "tt0044916": 1,
            "tt4881806": 1,
            "tt8041270": 1,
            "tt0418279": 1,
            "tt0086541": 1,
            "tt0088846": 1,
            "tt0097368": 1,
            "tt0051622": 1,
            "tt0119081": 1,
            "tt0884328": 1,
            "tt5442430": 1,
            "tt0044121": 1,
            "tt1060277": 1,
            "tt0134847": 1,
            "tt0246578": 1,
            "tt0114857": 1,
            "tt8228288": 1,
            "tt1182345": 1,
            "tt3480822": 1,
            "tt0413300": 1,
            "tt4154664": 1,
            "tt0948470": 1,
            "tt0048127": 1,
            "tt0058379": 1,
            "tt0197521": 1,
            "tt0120685": 1,
            "tt2231461": 1,
            "tt4701182": 1,
            "tt1663662": 1,
            "tt1872181": 1,
            "tt1706620": 1,
            "tt4575512": 1,
            "tt0089530": 1,
            "tt0082694": 1,
            "tt0082340": 1,
            "tt0079944": 1,
            "tt0149261": 1,
            "tt0458525": 1,
            "tt0120903": 1,
            "tt0800080": 1,
            "tt6565702": 1,
            "tt0376994": 1,
            "tt0290334": 1,
            "tt0079714": 1,
            "tt1270798": 1,
            "tt0083866": 1
        },
        "romanc": {
            "tt0109830": 1,
            "tt0034583": 1,
            "tt0021749": 1,
            "tt0095765": 1,
            "tt0118799": 1,
            "tt0045152": 1,
            "tt0338013": 1,
            "tt0053604": 1,
            "tt0211915": 1,
            "tt0052357": 1,
            "tt0119217": 1,
            "tt0053291": 1,
            "tt1305806": 1,
            "tt0031381": 1,
            "tt0112471": 1,
            "tt0015324": 1,
            "tt0050986": 1,
            "tt0036868": 1,
            "tt0381681": 1,
            "tt0035446": 1,
            "tt4016934": 1,
            "tt0025316": 1,
            "tt14230458": 1,
            "tt0032976": 1,
            "tt0056193": 1,
            "tt2591814": 1,
            "tt9052870": 1,
            "tt0048728": 1,
            "tt0845439": 1,
            "tt1321510": 1,
            "tt0048605": 1,
            "tt0045810": 1,
            "tt5776858": 1,
            "tt5580390": 1,
            "tt8847712": 1,
            "tt2209418": 1,
            "tt0014341": 1,
            "tt0035093": 1,
            "tt1164999": 1,
            "tt1282140": 1,
            "tt3464902": 1,
            "tt0038109": 1,
            "tt0038787": 1,
            "tt0060802": 1,
            "tt0059415": 1,
            "tt15434074": 1,
            "tt0119558": 1,
            "tt0102587": 1,
            "tt0040979": 1,
            "tt4832640": 1,
            "tt0456144": 1,
            "tt2082197": 1,
            "tt1093370": 1,
            "tt0292490": 1,
            "tt1798709": 1,
            "tt0414993": 1,
            "tt0054387": 1,
            "tt0043265": 1,
            "tt0056923": 1,
            "tt0023622": 1,
            "tt0061722": 1,
            "tt0102609": 1,
            "tt0330843": 1,
            "tt0018455": 1,
            "tt0294870": 1,
            "tt0045891": 1,
            "tt0055184": 1,
            "tt0050861": 1,
            "tt0049038": 1,
            "tt0047437": 1,
            "tt0054698": 1,
            "tt0272338": 1,
            "tt11271038": 1,
            "tt0875034": 1,
            "tt0116695": 1,
            "tt1010048": 1,
            "tt2980516": 1,
            "tt1655442": 1,
            "tt0360717": 1,
            "tt0054022": 1,
            "tt0111742": 1,
            "tt0061107": 1,
            "tt0163978": 1,
            "tt0128445": 1,
            "tt1094249": 1,
            "tt1605783": 1,
            "tt0111507": 1,
            "tt1022603": 1,
            "tt0841044": 1,
            "tt0388795": 1,
            "tt0046250": 1,
            "tt0421715": 1,
            "tt0497137": 1,
            "tt0104231": 1,
            "tt2395469": 1,
            "tt0039416": 1,
            "tt0045793": 1,
            "tt7019842": 1
        },
        "fantasi": {
            "tt0080684": 1,
            "tt0120689": 1,
            "tt0038650": 1,
            "tt0076759": 1,
            "tt5311514": 1,
            "tt0086190": 1,
            "tt0457430": 1,
            "tt0071853": 1,
            "tt10872600": 1,
            "tt1201607": 1,
            "tt0325980": 1,
            "tt0032138": 1,
            "tt0107048": 1,
            "tt0903624": 1,
            "tt0121766": 1,
            "tt0120915": 1,
            "tt0097814": 1,
            "tt2527336": 1,
            "tt1211837": 1,
            "tt0121765": 1,
            "tt9426210": 1,
            "tt1517268": 1,
            "tt2527338": 1,
            "tt0013442": 1,
            "tt5580390": 1,
            "tt0074486": 1,
            "tt9376612": 1,
            "tt9419884": 1,
            "tt3741700": 1,
            "tt0330373": 1,
            "tt0295297": 1,
            "tt0304141": 1,
            "tt0926084": 1,
            "tt0241527": 1,
            "tt0243017": 1,
            "tt0383574": 1,
            "tt1298650": 1,
            "tt0449088": 1,
            "tt1790809": 1,
            "tt0762073": 1,
            "tt0058331": 1,
            "tt0118971": 1,
            "tt0499549": 1,
            "tt2310332": 1,
            "tt1170358": 1,
            "tt0087332": 1,
            "tt0111686": 1,
            "tt2771200": 1,
            "tt1424381": 1,
            "tt2283748": 1,
            "tt0439572": 1,
            "tt0800369": 1,
            "tt1748179": 1,
            "tt1981115": 1,
            "tt0851578": 1,
            "tt2061702": 1,
            "tt0120601": 1,
            "tt0084945": 1,
            "tt0016847": 1,
            "tt0021814": 1,
            "tt2926068": 1,
            "tt3731562": 1,
            "tt0081633": 1,
            "tt0096764": 1,
            "tt0460829": 1,
            "tt6908274": 1,
            "tt9032400": 1,
            "tt0058544": 1,
            "tt0058379": 1,
            "tt13364334": 1,
            "tt0097444": 1,
            "tt0399102": 1,
            "tt3183660": 1,
            "tt4123430": 1,
            "tt0363771": 1,
            "tt4123432": 1,
            "tt1605783": 1,
            "tt0421715": 1,
            "tt2034800": 1,
            "tt0473075": 1,
            "tt1267297": 1,
            "tt0082198": 1,
            "tt8155182": 1,
            "tt0093624": 1,
            "tt0454876": 1,
            "tt0113409": 1,
            "tt0101414": 1,
            "tt0067992": 1
        },
        "thriller": {
            "tt0102926": 1,
            "tt6751668": 1,
            "tt0054215": 1,
            "tt0407887": 1,
            "tt0047396": 1,
            "tt0209144": 1,
            "tt0405094": 1,
            "tt1345836": 1,
            "tt7286456": 1,
            "tt0105236": 1,
            "tt0022100": 1,
            "tt0052357": 1,
            "tt0095016": 1,
            "tt1130884": 1,
            "tt0167404": 1,
            "tt0477348": 1,
            "tt0266697": 1,
            "tt0055630": 1,
            "tt0071315": 1,
            "tt0046912": 1,
            "tt0116282": 1,
            "tt2267998": 1,
            "tt0047296": 1,
            "tt3011894": 1,
            "tt0046268": 1,
            "tt0073195": 1,
            "tt0041959": 1,
            "tt3170832": 1,
            "tt4016934": 1,
            "tt0245712": 1,
            "tt0212985": 1,
            "tt2316204": 1,
            "tt0056443": 1,
            "tt0378194": 1,
            "tt8244784": 1,
            "tt0048728": 1,
            "tt2316411": 1,
            "tt0120663": 1,
            "tt5186714": 1,
            "tt0099423": 1,
            "tt0112864": 1,
            "tt1032755": 1,
            "tt8108198": 1,
            "tt0077651": 1,
            "tt2872718": 1,
            "tt0116922": 1,
            "tt0247586": 1,
            "tt0166924": 1,
            "tt0049470": 1,
            "tt5034838": 1,
            "tt7959026": 1,
            "tt0101540": 1,
            "tt1588170": 1,
            "tt7282468": 1,
            "tt0310775": 1,
            "tt0060827": 1,
            "tt0077766": 1,
            "tt0014341": 1,
            "tt1024648": 1,
            "tt0315733": 1,
            "tt0451094": 1,
            "tt17009710": 1,
            "tt17351924": 1,
            "tt0034248": 1,
            "tt0183649": 1,
            "tt0091474": 1,
            "tt0289765": 1,
            "tt0094226": 1,
            "tt0258000": 1,
            "tt0119174": 1,
            "tt1454468": 1,
            "tt0363988": 1,
            "tt0470752": 1,
            "tt6723592": 1,
            "tt0066999": 1,
            "tt0091799": 1,
            "tt0102724": 1,
            "tt0155975": 1,
            "tt0451957": 1,
            "tt0091080": 1,
            "tt0082418": 1,
            "tt2230358": 1,
            "tt12844910": 1,
            "tt10579952": 1,
            "tt0045758": 1,
            "tt0088944": 1,
            "tt9603212": 1,
            "tt10366206": 1,
            "tt1767382": 1,
            "tt0244244": 1,
            "tt1070874": 1,
            "tt0947798": 1,
            "tt1028528": 1,
            "tt0119396": 1,
            "tt0401792": 1,
            "tt15474916": 1,
            "tt10919380": 1,
            "tt1853739": 1,
            "tt6535880": 1,
            "tt15791034": 1,
            "tt0066769": 1,
            "tt0036342": 1,
            "tt0068611": 1,
            "tt4550098": 1,
            "tt0074119": 1,
            "tt1606378": 1,
            "tt0097733": 1,
            "tt0111257": 1,
            "tt0093409": 1,
            "tt0104714": 1,
            "tt0089880": 1,
            "tt0117500": 1,
            "tt0122151": 1,
            "tt0083944": 1,
            "tt0010323": 1,
            "tt0111503": 1,
            "tt0063350": 1,
            "tt0015648": 1,
            "tt0337978": 1,
            "tt11083552": 1,
            "tt2877108": 1,
            "tt7758160": 1,
            "tt0074483": 1,
            "tt0086383": 1,
            "tt0067588": 1,
            "tt0046126": 1,
            "tt0117060": 1,
            "tt1229238": 1,
            "tt0120755": 1,
            "tt0317919": 1,
            "tt4912910": 1,
            "tt3682448": 1,
            "tt0104257": 1,
            "tt2381249": 1,
            "tt0084516": 1,
            "tt0086541": 1,
            "tt0088846": 1,
            "tt0093177": 1,
            "tt0094964": 1,
            "tt0389722": 1,
            "tt0119081": 1,
            "tt0884328": 1,
            "tt5442430": 1,
            "tt1060277": 1,
            "tt0039302": 1,
            "tt0045555": 1,
            "tt1502407": 1,
            "tt0095271": 1,
            "tt0080761": 1,
            "tt0120694": 1,
            "tt0097474": 1,
            "tt10665338": 1,
            "tt0100935": 1,
            "tt0420509": 1,
            "tt4873118": 1,
            "tt13229894": 1,
            "tt8228288": 1,
            "tt0061107": 1,
            "tt0025452": 1,
            "tt1540133": 1,
            "tt0120685": 1,
            "tt0107808": 1,
            "tt0186566": 1,
            "tt0055824": 1,
            "tt0117665": 1,
            "tt0106519": 1,
            "tt5700672": 1,
            "tt0260991": 1,
            "tt0093300": 1,
            "tt0085750": 1,
            "tt3280262": 1,
            "tt0462499": 1,
            "tt0095956": 1,
            "tt0887912": 1,
            "tt2084970": 1,
            "tt0840361": 1,
            "tt0290334": 1,
            "tt1790885": 1,
            "tt0102138": 1,
            "tt0985699": 1,
            "tt0204313": 1,
            "tt4987556": 1,
            "tt0071360": 1,
            "tt0140352": 1,
            "tt0181865": 1,
            "tt0375679": 1,
            "tt0765443": 1
        },
        "famili": {
            "tt0038650": 1,
            "tt0245429": 1,
            "tt0910970": 1,
            "tt0986264": 1,
            "tt0347149": 1,
            "tt0096283": 1,
            "tt1201607": 1,
            "tt0118849": 1,
            "tt0032138": 1,
            "tt0059742": 1,
            "tt0097814": 1,
            "tt0092067": 1,
            "tt0871510": 1,
            "tt2181931": 1,
            "tt0991346": 1,
            "tt0113824": 1,
            "tt0417741": 1,
            "tt0330373": 1,
            "tt0373889": 1,
            "tt0295297": 1,
            "tt0304141": 1,
            "tt0997246": 1,
            "tt0926084": 1,
            "tt0241527": 1,
            "tt0191043": 1,
            "tt13721696": 1,
            "tt0058331": 1,
            "tt0058385": 1,
            "tt2576852": 1,
            "tt2771200": 1,
            "tt6139732": 1,
            "tt2953050": 1,
            "tt0420332": 1,
            "tt4900716": 1,
            "tt14993250": 1,
            "tt1841542": 1,
            "tt0330843": 1,
            "tt1907761": 1,
            "tt0233422": 1,
            "tt2122340": 1,
            "tt5005684": 1,
            "tt3183660": 1,
            "tt0099785": 1,
            "tt4123430": 1,
            "tt0363771": 1,
            "tt4123432": 1,
            "tt0477347": 1,
            "tt0112445": 1,
            "tt0254769": 1,
            "tt0097757": 1,
            "tt0101414": 1,
            "tt5028340": 1,
            "tt0046183": 1,
            "tt0067992": 1,
            "tt0029583": 1,
            "tt0083866": 1,
            "tt0063385": 1,
            "tt0061584": 1,
            "tt0056262": 1,
            "tt0067093": 1
        },
        "war": {
            "tt0120815": 1,
            "tt0095327": 1,
            "tt0034583": 1,
            "tt0078788": 1,
            "tt0050825": 1,
            "tt0032553": 1,
            "tt0361748": 1,
            "tt0057012": 1,
            "tt0082096": 1,
            "tt1255953": 1,
            "tt0093058": 1,
            "tt8579674": 1,
            "tt0055031": 1,
            "tt0457430": 1,
            "tt0089881": 1,
            "tt0031381": 1,
            "tt0050212": 1,
            "tt0072684": 1,
            "tt0077416": 1,
            "tt0091763": 1,
            "tt0036868": 1,
            "tt0035446": 1,
            "tt0058946": 1,
            "tt0067140": 1,
            "tt2713180": 1,
            "tt0096969": 1,
            "tt0035093": 1,
            "tt7160372": 1,
            "tt0045758": 1,
            "tt0091187": 1,
            "tt4555426": 1,
            "tt2584384": 1,
            "tt0887912": 1,
            "tt0045793": 1
        },
        "music": {
            "tt0253474": 1,
            "tt2582802": 1,
            "tt0086879": 1,
            "tt0045152": 1,
            "tt0053291": 1,
            "tt15354916": 1,
            "tt1562872": 1,
            "tt1321510": 1,
            "tt0169102": 1,
            "tt0045810": 1,
            "tt0085959": 1,
            "tt0084352": 1,
            "tt13721696": 1,
            "tt0058385": 1,
            "tt2178470": 1,
            "tt3783958": 1,
            "tt5363618": 1,
            "tt0420332": 1,
            "tt3581652": 1,
            "tt1485796": 1,
            "tt0294870": 1,
            "tt0427327": 1,
            "tt3165608": 1,
            "tt1727824": 1,
            "tt0875034": 1,
            "tt13130400": 1,
            "tt0054022": 1,
            "tt2395469": 1,
            "tt0036872": 1,
            "tt0027698": 1,
            "tt0067992": 1,
            "tt0063385": 1,
            "tt0056262": 1,
            "tt0067093": 1
        },
        "anim": {
            "tt0245429": 1,
            "tt0110357": 1,
            "tt9362722": 1,
            "tt0095327": 1,
            "tt0910970": 1,
            "tt4633694": 1,
            "tt2380307": 1,
            "tt0114709": 1,
            "tt0119698": 1,
            "tt5311514": 1,
            "tt0435761": 1,
            "tt1049413": 1,
            "tt0347149": 1,
            "tt0266543": 1,
            "tt2096673": 1,
            "tt4729430": 1,
            "tt0096283": 1,
            "tt0198781": 1,
            "tt0382932": 1,
            "tt0892769": 1,
            "tt0978762": 1,
            "tt0317705": 1,
            "tt0129167": 1,
            "tt0876563": 1,
            "tt0097814": 1,
            "tt0092067": 1,
            "tt6105098": 1,
            "tt2948372": 1,
            "tt1979376": 1,
            "tt0120363": 1,
            "tt0104652": 1,
            "tt2013293": 1,
            "tt0094625": 1,
            "tt9426210": 1,
            "tt2591814": 1,
            "tt1568921": 1,
            "tt0347618": 1,
            "tt0113824": 1,
            "tt2277860": 1,
            "tt5104604": 1,
            "tt0243017": 1,
            "tt1453405": 1,
            "tt2386490": 1,
            "tt1646971": 1,
            "tt0103639": 1,
            "tt3606756": 1,
            "tt2576852": 1,
            "tt0110008": 1,
            "tt0120131": 1,
            "tt3040964": 1,
            "tt4520988": 1,
            "tt0318403": 1,
            "tt2294629": 1,
            "tt3521164": 1,
            "tt12801262": 1,
            "tt7146812": 1,
            "tt1772341": 1,
            "tt2948356": 1,
            "tt8097030": 1,
            "tt2953050": 1,
            "tt1216475": 1,
            "tt2245084": 1,
            "tt0317219": 1,
            "tt0268380": 1,
            "tt0126029": 1,
            "tt0351283": 1,
            "tt0102587": 1,
            "tt0851578": 1,
            "tt0169858": 1,
            "tt0113568": 1,
            "tt0388473": 1,
            "tt2061702": 1,
            "tt5249462": 1,
            "tt3606752": 1,
            "tt1217209": 1,
            "tt0398286": 1,
            "tt0405296": 1,
            "tt1323594": 1,
            "tt2267968": 1,
            "tt0441773": 1,
            "tt1302011": 1,
            "tt1277953": 1,
            "tt0259534": 1,
            "tt0097757": 1,
            "tt0101414": 1,
            "tt0119282": 1,
            "tt0120762": 1,
            "tt0120855": 1,
            "tt0043274": 1,
            "tt0046183": 1,
            "tt0055254": 1,
            "tt0032910": 1,
            "tt0029583": 1,
            "tt0048280": 1,
            "tt0061852": 1
        },
        "comedi": {
            "tt0088763": 1,
            "tt1675434": 1,
            "tt0021749": 1,
            "tt0032553": 1,
            "tt0057012": 1,
            "tt0114709": 1,
            "tt0118799": 1,
            "tt1187043": 1,
            "tt0045152": 1,
            "tt0435761": 1,
            "tt0053604": 1,
            "tt0211915": 1,
            "tt0070735": 1,
            "tt1049413": 1,
            "tt0208092": 1,
            "tt0993846": 1,
            "tt0053291": 1,
            "tt6966692": 1,
            "tt0120382": 1,
            "tt0071853": 1,
            "tt0266543": 1,
            "tt0120735": 1,
            "tt2096673": 1,
            "tt5027774": 1,
            "tt4729430": 1,
            "tt0096283": 1,
            "tt2278388": 1,
            "tt0015864": 1,
            "tt0017925": 1,
            "tt0097165": 1,
            "tt3011894": 1,
            "tt0198781": 1,
            "tt0015324": 1,
            "tt0382932": 1,
            "tt0031679": 1,
            "tt0978762": 1,
            "tt0118715": 1,
            "tt0092005": 1,
            "tt0035446": 1,
            "tt0107048": 1,
            "tt0025316": 1,
            "tt14230458": 1,
            "tt0876563": 1,
            "tt0099088": 1,
            "tt0096874": 1,
            "tt0061781": 1,
            "tt15428134": 1,
            "tt15732324": 1,
            "tt3501632": 1,
            "tt2948372": 1,
            "tt2015381": 1,
            "tt1979376": 1,
            "tt0120363": 1,
            "tt0104652": 1,
            "tt2338151": 1,
            "tt1562872": 1,
            "tt3863552": 1,
            "tt9052870": 1,
            "tt1517268": 1,
            "tt0086370": 1,
            "tt2181931": 1,
            "tt0991346": 1,
            "tt0374887": 1,
            "tt8721424": 1,
            "tt0048605": 1,
            "tt0045810": 1,
            "tt0085959": 1,
            "tt0079470": 1,
            "tt0084352": 1,
            "tt0347618": 1,
            "tt2277860": 1,
            "tt0085794": 1,
            "tt1931533": 1,
            "tt2763304": 1,
            "tt6320628": 1,
            "tt8847712": 1,
            "tt5104604": 1,
            "tt0265666": 1,
            "tt0838221": 1,
            "tt1453405": 1,
            "tt0014341": 1,
            "tt5463162": 1,
            "tt1431045": 1,
            "tt2562232": 1,
            "tt11663228": 1,
            "tt13721696": 1,
            "tt0103639": 1,
            "tt0058331": 1,
            "tt1282140": 1,
            "tt23561236": 1,
            "tt17351924": 1,
            "tt5083738": 1,
            "tt7131622": 1,
            "tt0110008": 1,
            "tt0120912": 1,
            "tt0087332": 1,
            "tt0119654": 1,
            "tt1409024": 1,
            "tt0092622": 1,
            "tt6139732": 1,
            "tt4520988": 1,
            "tt0060802": 1,
            "tt0059415": 1,
            "tt0318403": 1,
            "tt2294629": 1,
            "tt3521164": 1,
            "tt2112124": 1,
            "tt15434074": 1,
            "tt2283748": 1,
            "tt6791350": 1,
            "tt0478970": 1,
            "tt10954600": 1,
            "tt3896198": 1,
            "tt12801262": 1,
            "tt7146812": 1,
            "tt1772341": 1,
            "tt2948356": 1,
            "tt8097030": 1,
            "tt2953050": 1,
            "tt1216475": 1,
            "tt0317219": 1,
            "tt0268380": 1,
            "tt0126029": 1,
            "tt0351283": 1,
            "tt0388473": 1,
            "tt6452574": 1,
            "tt0456144": 1,
            "tt2082197": 1,
            "tt1093370": 1,
            "tt2178470": 1,
            "tt0292490": 1,
            "tt0242519": 1,
            "tt3783958": 1,
            "tt6710474": 1,
            "tt3606752": 1,
            "tt0070215": 1,
            "tt0418455": 1,
            "tt11286314": 1,
            "tt0120601": 1,
            "tt7798634": 1,
            "tt5308322": 1,
            "tt10919380": 1,
            "tt8155288": 1,
            "tt0092007": 1,
            "tt0037382": 1,
            "tt0048750": 1,
            "tt0056923": 1,
            "tt0023622": 1,
            "tt0416960": 1,
            "tt0061722": 1,
            "tt0087062": 1,
            "tt0104511": 1,
            "tt0084945": 1,
            "tt0102609": 1,
            "tt0093578": 1,
            "tt4900716": 1,
            "tt14993250": 1,
            "tt1841542": 1,
            "tt1907761": 1,
            "tt0233422": 1,
            "tt0111503": 1,
            "tt2122340": 1,
            "tt0419058": 1,
            "tt0427327": 1,
            "tt1638355": 1,
            "tt2877108": 1,
            "tt2926068": 1,
            "tt0405508": 1,
            "tt2258337": 1,
            "tt1954470": 1,
            "tt0045891": 1,
            "tt0050861": 1,
            "tt0049038": 1,
            "tt0047437": 1,
            "tt0044916": 1,
            "tt0054698": 1,
            "tt0272338": 1,
            "tt1791528": 1,
            "tt11271038": 1,
            "tt0116695": 1,
            "tt1655442": 1,
            "tt5580036": 1,
            "tt7975244": 1,
            "tt0054022": 1,
            "tt0066765": 1,
            "tt0081633": 1,
            "tt0095159": 1,
            "tt0096764": 1,
            "tt0092991": 1,
            "tt0080339": 1,
            "tt1217209": 1,
            "tt0398286": 1,
            "tt0292542": 1,
            "tt0095705": 1,
            "tt8946378": 1,
            "tt0088680": 1,
            "tt0780536": 1,
            "tt1540133": 1,
            "tt0270288": 1,
            "tt0887883": 1,
            "tt0373469": 1,
            "tt0120669": 1,
            "tt1450321": 1,
            "tt10648342": 1,
            "tt5095030": 1,
            "tt13364334": 1,
            "tt0099785": 1,
            "tt0477347": 1,
            "tt0254769": 1,
            "tt0128445": 1,
            "tt0449059": 1,
            "tt2584384": 1,
            "tt3331512": 1,
            "tt1605783": 1,
            "tt0111507": 1,
            "tt1022603": 1,
            "tt0841044": 1,
            "tt0405296": 1,
            "tt0106677": 1,
            "tt2937696": 1,
            "tt0046250": 1,
            "tt0497137": 1,
            "tt1323594": 1,
            "tt8155182": 1,
            "tt0093624": 1,
            "tt0139414": 1,
            "tt0017765": 1,
            "tt1277953": 1,
            "tt0086200": 1,
            "tt0036872": 1,
            "tt0119282": 1,
            "tt0120762": 1,
            "tt0120855": 1,
            "tt5028340": 1,
            "tt0043274": 1,
            "tt0055254": 1,
            "tt0032910": 1,
            "tt0048280": 1,
            "tt0061852": 1,
            "tt14176542": 1,
            "tt0061584": 1,
            "tt0056262": 1
        },
        "horror": {
            "tt0054215": 1,
            "tt0078748": 1,
            "tt0081505": 1,
            "tt0084787": 1,
            "tt0070047": 1,
            "tt0086154": 1,
            "tt0103644": 1,
            "tt0118583": 1,
            "tt2316204": 1,
            "tt0093773": 1,
            "tt0138704": 1,
            "tt8244784": 1,
            "tt0056869": 1,
            "tt0013442": 1,
            "tt0091064": 1,
            "tt0905372": 1,
            "tt0077651": 1,
            "tt0074486": 1,
            "tt0047034": 1,
            "tt5215952": 1,
            "tt0468492": 1,
            "tt0077766": 1,
            "tt0099528": 1,
            "tt0076009": 1,
            "tt0762073": 1,
            "tt2243973": 1,
            "tt0091799": 1,
            "tt0102724": 1,
            "tt0155975": 1,
            "tt0092622": 1,
            "tt0451957": 1,
            "tt0091080": 1,
            "tt0082418": 1,
            "tt0085636": 1,
            "tt0111686": 1,
            "tt2230358": 1,
            "tt0370263": 1,
            "tt0100403": 1,
            "tt0758730": 1,
            "tt3829266": 1,
            "tt22687790": 1,
            "tt1767382": 1,
            "tt5109784": 1,
            "tt1051906": 1,
            "tt7798634": 1,
            "tt5308322": 1,
            "tt15474916": 1,
            "tt10919380": 1,
            "tt1853739": 1,
            "tt5886046": 1,
            "tt8155288": 1,
            "tt6535880": 1,
            "tt15791034": 1,
            "tt0024216": 1,
            "tt0010323": 1,
            "tt0079641": 1,
            "tt0021884": 1,
            "tt0063350": 1,
            "tt0016847": 1,
            "tt0021814": 1,
            "tt0189998": 1,
            "tt0084516": 1,
            "tt0086541": 1,
            "tt0097368": 1,
            "tt0083907": 1,
            "tt0087800": 1,
            "tt0093177": 1,
            "tt0092991": 1,
            "tt0074285": 1,
            "tt0094964": 1,
            "tt0051622": 1,
            "tt0389722": 1,
            "tt0119081": 1,
            "tt0884328": 1,
            "tt1188729": 1,
            "tt5442430": 1,
            "tt0044121": 1,
            "tt1060277": 1,
            "tt1179933": 1,
            "tt0134847": 1,
            "tt0384537": 1,
            "tt0082495": 1,
            "tt0072271": 1,
            "tt1502407": 1,
            "tt0095271": 1,
            "tt0080761": 1,
            "tt0117571": 1,
            "tt0120694": 1,
            "tt0097474": 1,
            "tt10665338": 1,
            "tt0373883": 1,
            "tt0144084": 1,
            "tt0105665": 1,
            "tt0111742": 1,
            "tt1772250": 1,
            "tt8228288": 1,
            "tt1258197": 1,
            "tt0048127": 1,
            "tt0197521": 1,
            "tt0097444": 1,
            "tt0365376": 1,
            "tt0816711": 1,
            "tt5700672": 1,
            "tt0093300": 1,
            "tt0085750": 1,
            "tt8155182": 1,
            "tt0093624": 1,
            "tt3280262": 1,
            "tt0139414": 1,
            "tt0204313": 1,
            "tt0080516": 1,
            "tt0079714": 1,
            "tt12921446": 1,
            "tt0077394": 1,
            "tt0113409": 1,
            "tt0078767": 1
        },
        "filmnoir": {
            "tt0043014": 1,
            "tt0036775": 1,
            "tt0041959": 1,
            "tt0048254": 1,
            "tt0049406": 1,
            "tt0033870": 1,
            "tt0044079": 1,
            "tt0052311": 1,
            "tt0038109": 1,
            "tt0034248": 1,
            "tt0038787": 1,
            "tt0048424": 1,
            "tt0037382": 1,
            "tt0038355": 1,
            "tt0036342": 1,
            "tt0051207": 1,
            "tt0023042": 1,
            "tt0046126": 1,
            "tt0039302": 1,
            "tt0042593": 1,
            "tt0039689": 1,
            "tt0042208": 1,
            "tt0045555": 1
        },
        "sport": {
            "tt0081398": 1,
            "tt1291584": 1,
            "tt0118849": 1,
            "tt0075148": 1,
            "tt0405159": 1,
            "tt0871510": 1,
            "tt0169102": 1,
            "tt4169250": 1,
            "tt0079817": 1,
            "tt0084602": 1,
            "tt0100507": 1,
            "tt0089927": 1,
            "tt0479143": 1,
            "tt3076658": 1,
            "tt0042384": 1,
            "tt2356180": 1,
            "tt1125849": 1,
            "tt9620288": 1,
            "tt1798684": 1,
            "tt0090863": 1,
            "tt2083383": 1,
            "tt1210166": 1,
            "tt0017765": 1,
            "tt6343314": 1,
            "tt11145118": 1,
            "tt11580854": 1
        },
        "documentari": {
            "tt0084352": 1,
            "tt0045130": 1,
            "tt0042384": 1,
            "tt0043548": 1,
            "tt3165608": 1
        },
        "short": {
            "tt0045130": 1,
            "tt0042384": 1,
            "tt0043548": 1,
            "tt0000417": 1,
            "tt1094249": 1,
            "tt3331512": 1
        }
    },
    "second_tier": {},
    "third_tier": {}
}